,Month,Rating
0,2024-09,4.247311827956989
1,2024-08,4.311791383219955
2,2024-07,4.3249438202247195
3,2024-06,4.441825902335457
4,2024-05,4.385164359861592
5,2024-04,4.36352598348713
6,2024-03,4.362852664576803
7,2024-02,4.479498861047836
8,2024-01,4.332477315528163
9,2023-12,4.505074030943271
10,2023-11,4.573514702940588
